<?xml version="1.0" encoding="UTF-8"?>

<!--     
	Copyright (C) 2018 MuK IT GmbH
	
    This program is free software: you can redistribute it and/or modify
    it under the terms of the GNU Affero General Public License as
    published by the Free Software Foundation, either version 3 of the
    License, or (at your option) any later version.

    This program is distributed in the hope that it will be useful,
    but WITHOUT ANY WARRANTY; without even the implied warranty of
    MERCHANTABILITY or FITNESS FOR A PARTICULAR PURPOSE.  See the
    GNU Affero General Public License for more details.

    You should have received a copy of the GNU Affero General Public License
    along with this program.  If not, see <http://www.gnu.org/licenses/>. 
-->

<odoo noupdate="1">

	<record id="muk_converter_service" model="ir.config_parameter">
        <field name="key">muk_converter.service</field>
        <field name="value">unoconv</field>
        <field name="group_ids" eval="[(4, ref('base.group_system'))]"/>
    </record>

	<record id="muk_converter_max_store" model="ir.config_parameter">
        <field name="key">muk_converter.max_store</field>
        <field name="value">20</field>
        <field name="group_ids" eval="[(4, ref('base.group_system'))]"/>
    </record>
    
</odoo>