<?xml version="1.0" encoding="UTF-8"?>

<!--     
	Copyright (C) 2018 MuK IT GmbH
	
    This program is free software: you can redistribute it and/or modify
    it under the terms of the GNU Affero General Public License as
    published by the Free Software Foundation, either version 3 of the
    License, or (at your option) any later version.

    This program is distributed in the hope that it will be useful,
    but WITHOUT ANY WARRANTY; without even the implied warranty of
    MERCHANTABILITY or FITNESS FOR A PARTICULAR PURPOSE.  See the
    GNU Affero General Public License for more details.

    You should have received a copy of the GNU Affero General Public License
    along with this program.  If not, see <http://www.gnu.org/licenses/>. 
-->

<templates id="template" xml:space="preserve">

<t t-extend="Notification">
    <t t-jquery=".o_notification_content" t-operation="after">
    	<div t-if="widget.progress" class="mk_notification_progress"> 
	        <div class="progress">
				<div class="progress-bar" t-attf-style="width: #{widget.progress.state}%;">
					<t t-esc="widget.progress.text"/>
				</div>
			</div>
		</div>
    </t>
</t>

</templates>