<?xml version="1.0" encoding="UTF-8"?>
<!-- Copyright 2016 Flavio Corpa <flavio.corpa@tecnativa.com>
     License LGPL-3.0 or later (http://www.gnu.org/licenses/lgpl). -->

<template>
    <t t-extend="FieldBinaryImage">
        <t t-jquery=".o_select_file_button" t-operation="after">
            <t t-if="widget.value">
                <a class="o_form_binary_file_download float-left" title="Download" aria-label="Download">
                    <button class="fa fa-download fa-lg"/>
                </a>
            </t>
        </t>
    </t>
</template>
