<?xml version="1.0" encoding="UTF-8"?>

<!--     
	Copyright (C) 2018 MuK IT GmbH
	
    This program is free software: you can redistribute it and/or modify
    it under the terms of the GNU Affero General Public License as
    published by the Free Software Foundation, either version 3 of the
    License, or (at your option) any later version.

    This program is distributed in the hope that it will be useful,
    but WITHOUT ANY WARRANTY; without even the implied warranty of
    MERCHANTABILITY or FITNESS FOR A PARTICULAR PURPOSE.  See the
    GNU Affero General Public License for more details.

    You should have received a copy of the GNU Affero General Public License
    along with this program.  If not, see <http://www.gnu.org/licenses/>. 
-->

<odoo noupdate="1">

	<record id="converter_store_autovacuum_rule" model="muk_autovacuum.rules">
        <field name="name">Delete all converted files that exceed the store size</field>
        <field name="state">size</field>
        <field name="model" ref="model_muk_converter_store"/>
        <field name="size_type">parameter</field>
        <field name="size_parameter" ref="muk_converter.muk_converter_max_store"/>
        <field name="size_order">used_date desc</field>
    </record>
    
</odoo>